product_brand,product_name,product_price,product_size,perfume_size,product_loves,product_type1,product_type2,product_type3,about,product_rating,product_reviews_complete,fiveStars,fourStars,threeStars,twoStars,oneStar
ACQUA DI PARMA,Mirto di Panarea,$64.00,NA,SIZE 1 oz/ 30 mL•ITEM 2044741,1567,Fragrance,Women,Perfume,"Panarea near Sicily is an an island suspended in time. The smallest and oldest of the Eolie islands, its essence is brought to life in this revitalizing fragrance.

A scent characterized by the aromatic notes of myrtle and basil, it opens with lemon and bergamot. At the heart, a sea breeze accord melts with jasmine and rose. Its intense base includes lentisc and juniper with cedarwood and amber.

Notes:
Myrtle, Basil, Lemon, Bergamot, Sea Breeze Accord, Jasmine, Rose, Lentisc, Juniper, Cedarwood, and Amber.
Style:
Revitalizing. Intense. Aromatic.",4.6,19 reviews,13,5,0,1,0
ACQUA DI PARMA,Fico di Amalfi,$113.00,NA,SIZE 2.5 oz/ 74 mL•ITEM 1417591,1546,Fragrance,Women,Perfume,"The Amalfi Coast: it’s one of the most breathtaking places on Earth. This floral, woody, and citrusy fragrance calls to mind this breathtaking stretch of Mediterranean coastline with a strong, energizing effect.

A unique combination of notes, including bergamot, lemon, grapefruit, and citron open the fragrance. Fig nectar, pink pepper, and jasmine petals are blended at the heart and base notes of fig wood, cedarwood, and benzoin follow.

Notes:
Bergamot, Lemon, Grapefruit, Citron, Fig Nectar, Pink Pepper, Jasmine Petals, Fig Wood, Cedarwood, and Benzoin.
Style:
Strong. Energizing. Unique.",4.3,27 reviews,14,10,2,0,1
ACQUA DI PARMA,Colonia,$63.00,NA,SIZE 0.7 oz/ 20 mL•ITEM 2044816,2036,Fragrance,Men,Cologne,"An elegant timeless scent filled with a fresh, luminous blend of natural ingredients like Bulgarian rose, Sicilian citrus fruits, lavender, and verbena.

Notes:
Bergamot, Citrus, Lemon, Bitter Orange, Sweet Orange, English Lavender, Bulgarian or Damascene Rose, Verbena, Clary Sage, Rosemary, Cedarwood, Patchouli, Sandalwood, Vetiver, Oakmoss.
Style:
Classic. Timeless. Natural.",4.3,70 reviews,47,8,6,4,5
ACQUA DI PARMA,Arancia di Capri,$171.00,NA,SIZE 5 oz/ 148 mL•ITEM 1417567,2029,Fragrance,Women,Perfume,"A symbol of the Italian Mediterranean and the island of Capri, this fragrance is sunny, relaxing, and carefree. In the air, hints of Italian citrus and the warm aroma of caramel blend together to create a pure moment of bliss, just like being on vacation.

A universally appealing fragrance, this scent features notes of sweet orange and mandarin mixed with creamy caramel and musk.

Notes:
Orange, Mandarin, Lemon, Petit Grain, Cardamom, Caramel, Musk.
Style:
Sunny. Relaxing. Carefree.",4.3,24 reviews,11,10,2,0,1
ACQUA DI PARMA,Le Nobili Collection Set,"$68.00
($123.00 value)",NA,SIZE 3 x 0.51 oz/ 15 mL•ITEM 2044766,482,Fragrance,Value & Gift Sets,Perfume Gift Sets,"Acqua di Parma's Rosa Nobile fragrance celebrates the preciousness and elegance of the rose, the queen of flowers. The exquisite fragrance opens with soft, vibrant notes of Sicilian mandarin and Calabrian bergamot. The heart reveals velvety accents of peony, violet, and lily of the valley, which perfectly complement the richness of the centifolia rose from Italy. The fragrance concludes with a sublime dry down of cedarwood, ambergris, and musk. Refined and timeless, Rosa Nobile celebrates the beauty and allure of innate feminine charm.

Inspired by the beautiful palazzo gardens of Italy's majestic Lake Como region, Magnolia Nobile represents the expression of natural and understated elegance. Created with the purest essences, Magnolia Nobile is an eau de parfum that reveals the most noble and refined aspects of the magnolia. Top notes of Italian bergamot, lemon, and citron blend seamlessly with magnolia accord, a rare ingredient extracted with time and dedication. The heart evolves with notes of rose, jasmine, and tuberose and the base notes unfold with sandalwood, patchouli, vetiver, and vanilla. The resulting unique and enveloping harmony creates an unforgettable, captivating effect.

A refined interpretation of the peony flower unveils its sublime elegance in Peonia Nobile. Vibrant accents of black pepper blended with soft notes of raspberry characterize the opening of the bouquet. The intense floral heart reveals sumptuous notes of peony combined with the brightness of geranium. An enveloping harmony evolves into the base, where the velvety and captivating tones of amber embrace the melting notes of patchouli.

This set contains:
- 0.51 oz/ 15 mL Eau de Parfum rollerballs in Rosa Nobile, Magnolia Nobile, Peonia Nobile

What else you need to know:
All Acqua Di Parma products are handcrafted in Italy where the artisanal tradition is handed down from generation to generation.",4.0,6 reviews,3,2,0,0,1
ACQUA DI PARMA,Rosa Nobile,$68.00,NA,"SIZE 0.7 oz, 20 mL•ITEM 2044774",3409,Fragrance,Women,Perfume,"Acqua di Parma's Rosa Nobile fragrance celebrates the preciousness and elegance of the rose, the queen of flowers. The exquisite fragrance opens with soft, vibrant notes of Sicilian mandarin and Calabrian bergamot. The heart reveals velvety accents of peony, violet, and lily of the valley, which perfectly complement the richness of the centifolia rose from Italy. The fragrance concludes with a sublime dry down of cedarwood, ambergris, and musk. Refined and timeless, Rosa Nobile celebrates the beauty and allure of innate feminine charm.

Notes:
Pepper, Mandarin, Italian Bergamot, Italian Rose Absolute, Lily Of The Valley Accord, Peony Accord, Violet Accord, Virgina Cedarwood, Musk, Ambergris Accord.
Style:
Elegant. Precious. Feminine.",4.5,25 reviews,17,4,3,1,0
ACQUA DI PARMA,Colonia Essenza,$115.00,NA,SIZE 1.7 oz/ 50 mL•ITEM 1284462,558,Fragrance,Men,Cologne,"The newest Eau de Cologne from Acqua di Parma is hand crafted in the same tradition as the original and iconic Colonia, representing the essence of Italian luxury and style. Colonia Essenza is a woodsy citrus fragrance, using only the finest and purest essences for the formula.

Notes:
Bergamot, Lemon, Mandarin, Orange, Grapefruit, Petitgrain, Neroli, Rosemary, Clove, Lilly of the Valley, Rose Accord, Jasmine Accord, Patchouli, Vetiver, White Musk, Amber.
Style:
Refined. Elegant. Stylish.",4.8,13 reviews,11,1,1,0,0
ACQUA DI PARMA,Colonia Leather,$245.00,NA,SIZE 3.4 oz/ 101 mL•ITEM 1629369,227,Men,Fragrance,Cologne,"Acqua Di Parma presents an original creation born from the unconventional pairing of fresh citrus notes from the iconic Colonia fragrance and the rich and sensual caress of aromatic leather. Colonia Leather Eau de Cologne Concentrée recalls the artistic luxury and traditions of handcrafted leather and accessories.

Notes:
Sicilian Lemon, Italian Orange, Raspberry, Honeysuckle, Petit Grain, Rose, Leather, Cedarwood, Birchwood, Gaiac Wood, Labdaum.
Style:
Stylish. Elegant. Masculine.",4.0,4 reviews,3,0,0,0,1
ACQUA DI PARMA,Colonia Mirra Eau de Cologne Concentré,$245.00,NA,SIZE 3.4 oz/ 100 mL•ITEM 1915412,139,Fragrance,Men,Cologne,"Fragrance Family:
Warm & Spicy

Scent Type:
Woody Spices

Key Notes:
Myrrh, Frankincense, Patchouli

About:
An original, elegant fragrance created using an unusual accord of two olfactory themes with an intense personality: the citrus notes of Colonia are blended with the warm, aromatic accents of myrrh, a precious ingredient with a heady suggestion of mystical charm. Fresh top notes give way to a unique heart, where delicate orange blossom scents and spicy nutmeg accents blend with warm hints of myrrh oil. An enfolding veil of patchouli base notes mixes with the scent of myrrh resin, which reveals its balsamic, amber accents, unveiling the truly sophisticated personality of this new eau de cologne concentré.",4.0,2 reviews,1,0,1,0,0
ACQUA DI PARMA,Colonia Pura,$114.00,NA,SIZE 1.7 oz/ 50 mL•ITEM 1979608,293,Fragrance,Women,Perfume,"Fragrance Family:
Fresh

Scent Type:
Fresh Florals

Key Notes:
Bergamot, Narcissus, White Musk

About:
The remastering of an icon, this fragrance represents a contemporary and refined interpretation of the classic Italian Colonia. A luminous, fresh and transparent fragrance, it embodies the contemporary side of Italian lifestyle.

Colonia Pura opens with intense fresh notes of sunny bergamot, juicy orange, and delicate petit grain. It seduces with a heart sublimated by a harmonious combination of spicy notes of coriander, combined with the sensual floral accent of jasmine sambac absolute and narcissus absolute. Finally, it embraces with a refined duo of woody notes: cedarwood and patchouli, while white musk notes close the composition.",5.0,3 reviews,3,0,0,0,0
ACQUA DI PARMA,Colonia Intensa,$114.00,NA,SIZE 1.7 oz/ 50 mL•ITEM 1059500,466,Fragrance,Men,Cologne,"Colonia Intensa, the first Eau de Cologne purely for men from Acqua di Parma. With classic and noble ingredients providing the perfect equilibrium between tradition and modernity, Colonia Intensa conveys the determination of a man who pursues his profession with enthusiasm and success. He is refined and cultured, choosing to surround himself with beautiful things. He is naturally spontaneous and charismatic and carries himself with an innate elegance. Discreet yet intense, Colonia Intensa immediately captures the senses with its citrus top notes, middle aromatic tones, and a tactile, luminous, spicy and smoky woody base. With its traditional Parma yellow box and classic bottle, Colonia Intensa is a brand icon; an indisputable pinnacle of Italian luxury.

Notes:
Calabrian Bergamot, Sicilian Lemon, Cardamom, Ginger, Mugwort, Neroli, Leather, Cedarwood, Lignum Vitae, Patchouli, Benzoin, Musk.
Style:
Spontaneous. Refined. Magnetic.",4.0,20 reviews,11,4,1,1,3
ACQUA DI PARMA,Magnolia Nobile,$136.00,NA,SIZE 1.7 oz/ 50 mL•ITEM 1226885,1476,Fragrance,Women,Perfume,"Inspired by the beautiful palazzo gardens of Italy's majestic Lake Como region, Magnolia Nobile represents the expression of natural and understated elegance. Created with the purest essences, Magnolia Nobile is an eau de parfum that reveals the most noble and refined aspects of the magnolia. Top notes of Italian bergamot, lemon, and citron blend seamlessly with magnolia accord, a rare ingredient extracted with time and dedication. The heart evolves with notes of rose, jasmine, and tuberose and the base notes unfold with sandalwood, patchouli, vetiver, and vanilla. The resulting unique and enveloping harmony creates an unforgettable, captivating effect.

Notes:
Italian Citron, Bergamot, Lemon, Magnolia, Arabian Jasmine, Bulgarian Rose, Tuberose, Sandalwood, Vetiver, Patchouli, Vanilla.",4.4,31 reviews,18,10,1,0,2
ACQUA DI PARMA,Blu Mediterraneo Italian Resort Restoring Face Mask,$130.00,NA,ITEM 1838432,263,Fragrance,Women,Bath & Shower,"What it is:
A quick-absorbing, hydrating mask that imparts the subtle scent of Blu Mediterrano Italian Resort.

What it is formulated to do:
This mask features an exquisite creamy texture that immediately melts into the skin. It provides intense hydration to nurture skin and provide a feeling of long-lasting comfort.

The Italian Resort signature fragrance, which brings the energy of the Mediterranean Sea, is a complex blend of breezy Italian citrus notes combined with the revitalizing power of Sicilian pines at the heart. The packaging recalls the blue color of the sea and the transparency and brightness of the water.

Notes:
Italian Bergamot, Mint, Sicilian Lemon, Neroli, Sea Accord, Fig Wood, Patchouli, Cypress, Musk.
Style:
Fresh. Joyful. Sparkling.",4.0,1 review,0,1,0,0,0
ACQUA DI PARMA,Bergamotto di Calabria,$64.00,NA,SIZE 1 oz/ 30 mL•ITEM 2044758,1492,Fragrance,Women,Perfume,"The land of Calabria is strong and intense. Only here does authentic bergamot find its natural habitat. Its sparkling notes appear at the onset of this joyful and uplifting fragrance and are enhanced by the freshness of citron, red ginger, and cedarwood. At the base, an unprecedented combination of vetiver, benzoin, and musk emerges.

Notes:
Bergamot, Citron, Red Ginger, Cedarwood. Vetiver, Benzoin, and Musk.
Style:
Joyful. Uplifting. Unique.",4.6,14 reviews,10,2,2,0,0
ACQUA DI PARMA,Chinotto di Liguria,$113.00,NA,SIZE 2.5 oz/ 75 mL•ITEM 2044725,205,Fragrance,Women,Perfume,"Fragrance Family:
Fresh

Scent Type:
Fresh Citrus & Fruits

Key Notes:
Chinotto, Jasmine, Patchouli

About:
Chinotto, the rarest and most precious citrus fruit, is a bittersweet treasure of Italy. This refreshing and lively scent is inspired by a unique land of contrasts. Like a perfect memory of a sunny morning walk overlooking the sea alongside chinotto and mandarin trees, this fragrance evokes the delightful embrace of sand and sea. Echoes and sunny touches of jasmine and geranium are refreshed by the energetic notes of rosemary and cardamom. Patchouli and musk evoke the silence and peace of an untouched nature for a pure moment of well-being.",4.8,4 reviews,3,1,0,0,0
ACQUA DI PARMA,Mandorlo di Sicilia,$113.00,NA,SIZE 2.5 oz/ 74 mL•ITEM 1417575,2471,Fragrance,Women,Perfume,"Sicily is a crossroads of art and culture, with the almond as part of the local tastes and traditions.

Known in Italian as Mandorlo di Sicilia, the soothing appeal of Sicilian almond opens this delicious fragrance. Its sweet caress joins notes of star anise, bergamot, and orange. The fragrance’s heart blends green Mediterranean almond and ylang-ylang before base notes of cedarwood, vanilla, and white musk emerge.

Notes:
Sicilian Almond, Star Anise, Bergamot, Orange, Green Mediterranean Almond, Ylang-Ylang, Cedarwood, Vanilla, and White Musk.
Style:
Delicious. Sweet. Soothing.",4.7,43 reviews,36,4,2,0,1
ACQUA DI PARMA,Colonia Oud,$245.00,NA,SIZE 3.4 oz/ 101 mL•ITEM 1507003,610,Fragrance,Men,Cologne,"Hailing from Southeast Asia, Oud is rare and widely sought after. It is said to cost more than its weight in gold. A new interpretation of Colonia Intensa, Colonia Oud combines the unique freshness of Colonia Intensa with one of the world’s most cherished ingredients, Oud, for an unforgettable fragrance that is both fresh and richly aromatic.

A touch of masculine elegance. The traditional Acqua di Parma Colonia Intensa bottle shape is distinguished with a deep matte brown finish on the glass and cap. Colonia Intensa Oud is presented in a hand crafted box lined with luxurious brown satin.

Notes:
Bergamot from Calabria, Italian Orange, Haitian Amyris Oil, Russian Coriander, Agarwood Oil, Moroccan Cedarwood, Indonesian Patchouli Oil, Leather Accord, Sandalwood Accord, Musk.
Style:
Luxurious. Fresh. Masculine.",4.3,18 reviews,13,1,1,2,1
ACQUA DI PARMA,Colonia Talcum Powder,$58.00,NA,SIZE 3.5 oz/ 104 mL•ITEM 967240,240,Fragrance,Men,Bath & Shower,"An elegant timeless scent filled with a fresh, luminous blend of natural ingredients like Bulgarian rose, Sicilian citrus fruits, lavender, and verbena.

Notes:
Bergamot, Citrus, Lemon, Bitter Orange, Sweet Orange, English Lavender, Bulgarian or Damascene Rose, Verbena, Clary Sage, Rosemary, Cedarwood, Patchouli, Sandalwood, Vetiver, Oakmoss.
Style:
Classic. Timeless. Natural.",5.0,1 review,1,0,0,0,0
ACQUA DI PARMA,Blu Mediterraneo Italian Resort Purifying Facial Toner,$65.00,NA,SIZE 6.7 oz•ITEM 1838416,173,Fragrance,Women,Bath & Shower,"What it is:
A toner that features a quick-absorbing, fluid texture and the sparkling scent of Blu Mediterrano Italian Resort.

What it is formulated to do:
This toner helps skin achieve a more radiant appearance while addressing pores and visible signs of aging with a hefty dose of hydration and the subtle scent of Blu Mediterrano Italian Resort.

The Italian Resort signature fragrance, which brings the energy of the Mediterranean Sea, is a complex blend of breezy Italian citrus notes combined with the revitalizing power of Sicilian pines at the heart. The packaging recalls the blue color of the sea and the transparency and brightness of the water.

Notes:
Italian Bergamot, Mint, Sicilian Lemon, Neroli, Sea Accord, Fig Wood, Patchouli, Cypress, Musk.
Style:
Fresh. Joyful. Sparkling.",NA,0 reviews,0,0,0,0,0
ACQUA DI PARMA,Gelsomino Nobile,$136.00,NA,SIZE 1.7 oz/ 50 mL•ITEM 1382977,871,Fragrance,Women,Perfume,"Known in Italy as gelsomino, jasmine has been cherished for generations in the formal gardens of Calabria, where warm sunshine and gentle sea breezes enhance its soft, green aroma. In Gelsomino Nobile, Acqua di Parma evokes this unique accord across a fragrance of extraordinary richness, personality, and nobility.

A floral scent with green and musky notes, it opens with the brightness of Italian mandarin, pink pepper, and the sensuality of tuberose. With orange blossom in the heart and a warm base featuring cedarwood and musk, the grace and richness of Calabrian jasmine is revealed throughout the life of the fragrance.

Notes:
Italian Mandarin, Pink Pepper, Tuberose Absolute, Orange Blossom Absolute, Calabrian Jasmine Absolute, Cedarwood Essence, Musk
Style:
Noble. Elegant. Delicate.",NA,0 reviews,0,0,0,0,0
ACQUA DI PARMA,Peonia Nobile,$136.00,NA,SIZE 1.7 oz/ 50 mL•ITEM 1886621,1623,Fragrance,Women,Perfume,"A refined interpretation of the peony flower unveils its sublime elegance in this fragrance. Vibrant accents of black pepper blended with soft notes of raspberry characterize the opening of the bouquet. The intense floral heart reveals sumptuous notes of peony combined with the brightness of geranium. An enveloping harmony evolves into the base, where the velvety and captivating tones of amber embrace the melting notes of patchouli.

All Acqua Di Parma products are handcrafted in Italy where the artisanal tradition is handed down from generation to generation.

Notes:
Raspberry, Black Pepper, Peony, Rose, Geranium, Amber, Patchouli, Musk.
Style:
Dynamic. Romantic. Enveloping.",4.2,16 reviews,9,3,2,2,0
ACQUA DI PARMA,Colonia Ebano Eau de Cologne Concentré,$245.00,NA,SIZE 3.4 oz/ 100 mL•ITEM 1915396,76,Fragrance,Men,Cologne,"Fragrance Family:
Earthy & Woody

Scent Type:
Warm Woods

Key Notes:
Vetiver, Patchouli, Honey

About:
This sophisticated, original fragrance was created using an unusual blend of two olfactory themes. The freshness of citrus notes typical of Colonia is uniquely combined with the woody, spicy accents of ebony. The composition opens with fresh top notes of petit grain and bergamot. These develop into an intense heart with the creamy, warm scents of ebony and elemi oil accentuated by a touch of spicy pink pepper. In the base, woody, aromatic notes of vetiver and patchouli blend elegantly with warm hints of honey to reveal the contemporary character of this new eau de cologne concentré.",4.0,1 review,0,1,0,0,0
ACQUA DI PARMA,Colonia Quercia,$245.00,NA,SIZE 3.4 oz•ITEM 1851302,83,Fragrance,Men,Cologne,"The freshness of clear, citrusy cologne notes blends beautifully with another precious ingredient—oak—for a fragrance with a heart of deep woods in the classic cologne style.

The iconic Colonia fragrance takes an olfactive journey with Acqua di Parma’s Colonia Ingredient Collection. Traditional fresh Italian notes found in the classic Colonia fragrance are paired with signature ingredients from around the world, celebrating the unexpected harmony found in diverse fragrance traditions.

Notes:
Lemon, Bergamot, Petit Grain, Pink Pepper, Cardamom, Carnation, Virginia Cedarwood, Tonka Absolute, Patchouli, Oak Moss Absolute.
Style:
Fresh. Rich. Natural.",4.0,1 review,0,1,0,0,0
ACQUA DI PARMA,Colonia Deodorant,$47.00,NA,SIZE 2.7 oz/ 77 g•ITEM 967224,310,Fragrance,Men,Body Sprays & Deodorant,"An elegant timeless scent filled with a fresh, luminous blend of natural ingredients like Bulgarian rose, Sicilian citrus fruits, lavender, and verbena.

Notes:
Bergamot, Citrus, Lemon, Bitter Orange, Sweet Orange, English Lavender, Bulgarian or Damascene Rose, Verbena, Clary Sage, Rosemary, Cedarwood, Patchouli, Sandalwood, Vetiver, Oakmoss.
Style:
Classic. Timeless. Natural.",3.4,5 reviews,2,1,0,1,1
ACQUA DI PARMA,Blu Mediterraneo Italian Resort Face and Eye Cleasing Oil,$60.00,NA,SIZE 6.7 oz•ITEM 1838408,115,Fragrance,Women,Bath & Shower,"What it is:
A cleansing oil with a rich and velvety texture and the sparkling scent of Blu Mediterrano Italian Resort.

What it is formulated to do:
This luxurious cleansing oil removes impurities and makeup without stripping skin of essential moisture. The rich texture leaves no greasy residue, but creates a complexion that feels softer and more elastic. It imparts the subtle scent of Blu Mediterrano Italian Resort.

The Italian Resort signature fragrance, which brings the energy of the Mediterranean Sea, is a complex blend of breezy Italian citrus notes combined with the revitalizing power of Sicilian pines at the heart. The packaging recalls the blue color of the sea and the transparency and brightness of the water.

Notes:
Italian Bergamot, Mint, Sicilian Lemon, Neroli, Sea Accord, Fig Wood, Patchouli, Cypress, Musk.
Style:
Fresh. Joyful. Sparkling.",2.5,2 reviews,0,0,1,1,0
ACQUA DI PARMA,Blu Mediterraneo Italian Resort Moisturizing Face Lotion,$80.00,NA,SIZE 6.7 oz•ITEM 1838424,102,Fragrance,Women,Bath & Shower,"What it is:
A rich and light lotion helps to moisturize and hydrate.

What it is formulated to do:
This moisturizing lotion provides hydration and the subtle scent of Blu Mediterrano Italian Resort.

The Italian Resort signature fragrance, which brings the energy of the Mediterranean Sea, is a complex blend of breezy Italian citrus notes combined with the revitalizing power of Sicilian pines at the heart. The packaging recalls the blue color of the sea and the transparency and brightness of the water.

Notes:
Italian Bergamot, Mint, Sicilian Lemon, Neroli, Sea Accord, Fig Wood, Patchouli, Cypress, Musk.
Style:
Fresh. Joyful. Sparkling.",2.0,1 review,0,0,0,1,0
ACQUA DI PARMA,Collezione Barbiere Revitalizing Eye Serum,$82.00,NA,SIZE 0.5 oz•ITEM 1838440,103,Men,Skincare,Eye Cream,"What it is:
A revitalizing eye serum with a fresh and elegant gel formula and a silky, fast-absorbing texture.

What it is formulated to do:
Ideal for softening and smoothing the delicate skin around the eyes, this serum was specifically formulated for men's skin to fade the signs of aging and diminish the appearance of wrinkles to give the eye contour a fresh and polished look. An innovative round steel applicator softly massages the delicate eye contour area. The formula is enriched with ellagi C, a special plant extract that increases the absorption of vitamin C and supports the appearance of firmer skin.

What else you need to know:
Acqua di Parma combines its distinguished heritage of artisan craftsmanship with the expertise of master Italian barbers to redefine grooming rituals for the modern gentleman.",NA,0 reviews,0,0,0,0,0
ACQUA DI PARMA,Colonia Club,$114.00,NA,SIZE 1.7 oz/ 50 mL•ITEM 1775055,177,Fragrance,Men,Cologne,"Colonia Club captures bold masculinity and a modern style inspired by one of the most exclusive sports clubs in the world—horse dressage. The fragrance is a fresh, timeless classic for the stylish, modern gentleman.

The art deco bottle and packaging have been designed in a bold green color and remain recognized symbols of Italian elegance and style. Each is still made by hand, with a hand-polished, bakelite cap.

Notes:
Sicilian Lemon, Petit Grain, Bergamot, Sicilian Mandarin, Mint, Neroli, Lavander, Geranium, Shiso, Carvi, Galbanol, Haitian Vetiver, Musk, Ambergris Accord.
Style:
Fresh. Vibrant. Masculine.",NA,0 reviews,0,0,0,0,0
ACQUA DI PARMA,Le Nobili Hat Box Set,"$168.00
($195.00 value)",NA,SIZE 3 x 0.67oz/20mL•ITEM 2168581,334,Fragrance,Value & Gift Sets,Perfume Gift Sets,"Fragrance Description: This limited-edition set contains three precious floral fragrances in a convenient 20ml format. Peonia Nobile is a refined interpretation of the peony flower. Magnolia Nobile is a fragrance that expresses refined femininity. Rosa Nobile is a tribute to magnolia, the queen of flowers.

This set contains:
- 3 x 0.67oz/20mL in Magnolia Nobile, Rosa Nobile, Peonia Nobile",NA,0 reviews,0,0,0,0,0
AERIN,Mediterranean Honeysuckle,$125.00,NA,SIZE 1.7 oz/ 50 mL•ITEM 1794585,6170,Fragrance,Women,Perfume,"Escape to the sun-drenched, azure-blue Mediterranean. Sweet honeysuckle and sparkling grapefruit evoke lush flowers and shimmering beaches. Sun-warmed and citrusy Italian bergamot and mandarin oil impart a lasting freshness. Lily of the valley and lush gardenia build to the sensuality and richness of jasmine sambac absolute for a fragrance as magical and elegant as its inspiration.

Notes:
Italian Bergamot, Honeysuckle, Grapefruit, Mandarin Oil, Jasmine Sambac Absolute.
Style:
Magical. Elegant. Floral.",4.3,75 reviews,45,15,9,3,3
AERIN,Aegea Blossom Eau de Parfum,$125.00,NA,SIZE 1.7oz/50mL•ITEM 2192177,140,Fragrance,Women,Perfume,"Fragrance Family: Fresh

Scent Type: Fresh Florals

Key Notes: Sicilian Bergamot, Neroli Petals, Musk

Fragrance Description: AERIN introduces Aegea Blossom, a luminous floral scent, that captures the sparkling vibrancy of a coastal paradise and a cool breeze on the open water. Notes of Sicilian bergamot paired with crisp mandarin and glistening verbena open the fragrance with a sophisticated, radiant glow that sparkles. Diffused with a breeze of sheer jasmine to impart a unique luminosity, scents of sun-drenched neroli petals and blooming orange flower glisten with a naturally fresh brilliance. In the final notes, glowing musk surrenders to the sultry, lingering notes of vetiver and sandalwood, as warm as the reflection of sunlight on water.",5.0,3 reviews,3,0,0,0,0
AERIN,Amber Musk,$125.00,NA,SIZE 1.7 oz/ 50 mL•ITEM 1639228,4385,Fragrance,Women,Perfume,"Amber musk blends sensual florals, distinctive amber, and creamy musk. Ambrox makes a velvety first impression, contrasted by a succulent burst of coconut water and the femininity of rose centifolia absolute. Like the glow of amber flames, lingering benzoin and musk infuse the fragrance with warmth.

""Amber Musk is a warm, inviting scent you want to wrap yourself in—like a soft cozy blanket on a cold snowy night.""—Aerin Lauder, Founder and Creative Director, AERIN

Notes:
Coconut Water, Rose Centifolia, Ambrox, Benzoin, Musk.
Style:
Warm. Inviting. Cozy.",4.4,65 reviews,40,14,6,4,1
AERIN,Rose Lip Conditioner,$30.00,NA,SIZE 0.34 oz/ 10 mL•ITEM 1738640,10K,Makeup,Lip,Lip Balm & Treatment,"What it is:
A nourishing lip conditioner with a calming rose scent.

What it does:
This pretty nude shade provides the perfect kiss of color for every skin tone, or adds polish when layered over lipstick. Intensive skin conditioners help nourish and repair lips all day long and AERIN's signature rose scent brings a sense of calm.",4.3,339 reviews,229,52,21,16,21
AERIN,Ikat Jasmine,$175.00,NA,SIZE 3.4 oz/ 101 mL•ITEM 1738582,3970,Fragrance,Women,Perfume,"The impeccable pairing of jasmine sambac and jasmine Egypt infusion is enhanced with exotic tuberose fleur for a fragrance rich with velvety body and soft freshness. A delicate touch of Honeysuckle invigorates the senses, while tuberose infusion and sandalwood add subtle intensity and luminous depth. Ikat Jasmine is as captivating as the woman who wears it.

“Ikat Jasmine personifies a modern woman: effortless style and intriguing femininity.”—Aerin Lauder, Founder and Creative Director, AERIN

Notes:
Tuberose Fleur, Jasmine Sambac, Jasmine Egypt Infusion, Honeysuckle, Tuberose Infusion.
Style:
Fresh. Feminine. Modern.",4.5,48 reviews,36,4,4,3,1
AERIN,Hibiscus Palm,$125.00,NA,SIZE 1.7 oz/ 50 mL•ITEM 2039121,3063,Fragrance,Women,Perfume,"Fragrance Family:
Floral

Scent Type:
Powdery Florals

Key Notes:
Lotus Flower Accord, Hibiscus Palm Accord, Tiare Absolute, Heliotrope, Coconut Milk

About:
Journey to a palm-fringed, tropical island. Hibiscus Palm captures the island scent of brilliant sunshine on a lush beach. Accords of lotus flower and hibiscus palm mingle with ylang-ylang and exotic ginger. Frangipani blends with a heart of fragrant white blossoms, wrapped in the velvety warmth of coconut milk, vanilla and musk.",4.4,26 reviews,18,4,2,0,2
AERIN,Aegea Blossom Eau de Parfum Rollerball,$30.00,NA,SIZE .27oz/8mL•ITEM 2192193,213,Fragrance,Women,Rollerballs & Travel Size,"Fragrance Family: Fresh

Scent Type: Fresh Florals

Key Notes: Sicilian Bergamot, Neroli Petals, Musk

Fragrance Description: AERIN introduces Aegea Blossom, a luminous floral scent, that captures the sparkling vibrancy of a coastal paradise and a cool breeze on the open water. Notes of Sicilian bergamot paired with crisp mandarin and glistening verbena open the fragrance with a sophisticated, radiant glow that sparkles. Diffused with a breeze of sheer jasmine to impart a unique luminosity, scents of sun-drenched neroli petals and blooming orange flower glisten with a naturally fresh brilliance. In the final notes, glowing musk surrenders to the sultry, lingering notes of vetiver and sandalwood, as warm as the reflection of sunlight on water.",4.0,1 review,0,1,0,0,0
AERIN,Amber Musk Rollerball,$30.00,NA,SIZE 0.27 oz/ 8 mL•ITEM 1736040,3790,Fragrance,Women,Rollerballs & Travel Size,"Amber musk blends sensual florals, distinctive amber, and creamy musk. Ambrox makes a velvety first impression, contrasted by a succulent burst of coconut water and the femininity of rose centifolia absolute. Like the glow of amber flames, lingering benzoin and musk infuse the fragrance with warmth.

""Amber Musk is a warm, inviting scent you want to wrap yourself in—like a soft cozy blanket on a cold snowy night.""—Aerin Lauder, Founder and Creative Director, AERIN

Notes:
Coconut Water, Rose Centifolia, Ambrox, Benzoin, Musk.
Style:
Warm. Inviting. Cozy.",4.4,27 reviews,19,3,3,1,1
AERIN,Ikat Jasmine Rollerball,$30.00,NA,SIZE .27 oz/ 8 mL•ITEM 2115467,763,Fragrance,Women,Perfume,"Fragrance Family:
Floral

Scent Type:
Classic Florals

Key Notes:
Jasmine, Tuberose

About:
The impeccable pairing of jasmine sambac and jasmine Egypt infusion is enhanced with exotic tuberose fleur for a fragrance rich with velvety body and soft freshness. A delicate touch of Honeysuckle invigorates the senses, while tuberose infusion and sandalwood add subtle intensity and luminous depth. Ikat Jasmine is as captivating as the woman who wears it.

What else you need to know:
""Ikat Jasmine personifies a modern woman: effortless style and intriguing femininity.""—Aerin Lauder, Founder and Creative Director, AERIN",4.5,2 reviews,1,1,0,0,0
AERIN,Mediterranean Honeysuckle Rollerball,$30.00,NA,SIZE 0.27 oz•ITEM 1794619,4302,Fragrance,Women,Rollerballs & Travel Size,"Escape to the sun-drenched, azure-blue Mediterranean. Sweet honeysuckle and sparkling grapefruit evoke lush flowers and shimmering beaches. Sun-warmed and citrusy Italian bergamot and mandarin oil impart a lasting freshness. Lily of the valley and lush gardenia build to the sensuality and richness of jasmine sambac absolute for a fragrance as magical and elegant as its inspiration.

Notes:
Italian Bergamot, Honeysuckle, Grapefruit, Mandarin Oil, Jasmine Sambac Absolute.
Style:
Magical. Elegant. Floral.",4.3,23 reviews,15,2,5,1,0
AERIN,Lilac Path,$125.00,NA,SIZE 1.7 oz/ 50 mL•ITEM 1639236,2857,Fragrance,Women,Perfume,"Lilac Path weaves a delicate story of crisp greens, rich blooms, and delicate petals. Evocative lilac infuses the scent with inviting depth, heightened by lush fragrant galbanum. Creamy jasmine lactones blend with soft angelica seed oil and orange flower.

“There is something very special about spring lilacs; as fast as they bloom, they disappear. Lilac Path captures the spirit of spring and makes it last.”—Aerin Lauder, Founder and Creative Director, AERIN

Notes:
Galbanum, Lilac, Jasmine, Angelica Seed Oil, Orange Flower.
Style:
Crisp. Delicate. Evocative.",4.4,45 reviews,35,2,3,3,2
AERIN,Essentials Set,"$50.00
($60.00 value)",NA,ITEM 2115475,459,Fragrance,Value & Gift Sets,Perfume Gift Sets,"Amber musk blends sensual florals, distinctive amber, and creamy musk. Ambrox makes a velvety first impression, contrasted by a succulent burst of coconut water and the femininity of rose centifolia absolute. Like the glow of amber flames, lingering benzoin and musk infuse the fragrance with warmth.

""Amber Musk is a warm, inviting scent you want to wrap yourself in—like a soft cozy blanket on a cold snowy night.""—Aerin Lauder, Founder and Creative Director, AERIN

Rose Lip Conditioner contains skin conditioners to help nourish lips and AERIN’s signature rose scent brings a sense of calm.

This set contains:
- 0.27 oz/ 8 mL Amber Musk Rollerball
- 0.34 oz/ 10 mL Rose Lip Conditioner

Notes:
Coconut Water, Rose Centifolia, Ambrox, Benzoin, Musk.
Style:
Warm. Inviting. Cozy.",5.0,5 reviews,5,0,0,0,0
AERIN,Waterlily Sun,$125.00,NA,SIZE 1.7 oz / 50 mL•ITEM 1659077,3199,Fragrance,Women,Perfume,"Like sunlight reflecting on water, bright Sicilian bergamot and lush dewy greens entice the senses for an invigorating, luminous first impression. Delicate yet alluring waterlily and soft, exotic jasmine sambac add layers of depth and intensity, warmed by sweetly inviting musk. The effect is bright, dewy, and fresh.

Notes:
Sicilian Bergamot, Jasmine Sambac.
Style:
Floral. Watery.",4.3,43 reviews,26,9,5,2,1
AERIN,Rose Oil,$70.00,NA,SIZE 1.0 oz•ITEM 1738657,3761,Fragrance,Women,Lotions & Oils,"What it is:
A delicately scented oil that brings a healthy, hydrated glow to the face, neck, and décolleté.

What it does:
This soothing and moisturizing scented oil was curated by Aerin Lauder and features the brand’s signature rose scent. It was created with the finest ingredients to provide deep hydration and a delicate, classic aroma.

Notes:
Rose Centifolia, Rose Otto Bulgarian, Rose Absolute.
Style:
Rich. Floral. Classic.",4.3,14 reviews,9,1,3,1,0
AERIN,Garden Rose Eau de Cologne,$175.00,NA,SIZE 6.7 oz/ 200 mL•ITEM 1912427,1408,Fragrance,Women,Perfume,"Fragrance Family:
Floral

Scent Type:
Classic Floral

Key Notes:
Rose Centifolia, Bulgarian Rose Absolute, Musk.

About:
Garden Rose Eau de Cologne takes you into the English countryside, filled with the irrepressible scent of wild roses—lively, lush and free-spirited.

This fresh floral rose scent opens with the natural green notes of geranium wrapped around the fresh floralcy of rose bouton sauvage. Like a bud opening, the heart of the fragrance unfolds to reveal the uninhibited splendor and depth of white Bulgarian rose, the rich, full-bodied rose bulgare, and lush rose centifolia. Together, they capture the irresistible spirit of the English garden rose blooming boldly in the sun. The trail is enhanced with the smooth warmth of sandalwood and amber and softened by musk.

What else you need to know:
""There’s something so natural and free about the fragrance of an English garden rose. The exhilarating scent comes from its strength as much as its beauty. It’s like a rush of energy.""—Aerin Lauder",5.0,2 reviews,2,0,0,0,0
AERIN,Evening Rose,$125.00,NA,SIZE 1.7 oz/ 50 mL•ITEM 1639251,2473,Fragrance,Women,Perfume,"Evening Rose is vibrant with contrast. Juicy blackberry and rich cognac unexpectedly blend with voluptuous rose centifolia and Bulgarian rose absolute in an intriguing, alluring elixir. Incense, sensuous and luxurious, imparts soft warmth, like the lingering memory of an unforgettable evening.

“The pairing of rose and cognac is intriguing and unexpected, like the allure of an evening in the city.”—Aerin Lauder, Founder and Creative Director, AERIN

Notes:
Blackberry, Bulgarian Rose, Rose Centifolia, Cognac, Incense.
Style:
Alluring. Unexpected. Captivating.",4.6,22 reviews,19,1,0,0,2
AERIN,Iris Meadow,$125.00,NA,SIZE 1.7 oz/ 50 mL•ITEM 1659085,1160,Fragrance,Women,Perfume,"Like walking through an open field wild with flowers, Iris Meadow beckons with crisp green notes infused with lush florals and deepened by warm, energizing woods. Effervescent mandarin and vibrant blackcurrant blend with fresh florals. Iris, emboldened by Egyptian jasmine, balances the scent with vibrant depth while cedarwood melts into creamy, woody musks.

Notes:
Mandarin, Black currant, Cedarwood, Egyptian Jasmine, Iris.
Style:
Floral. Green. Woody.",4.3,9 reviews,7,0,1,0,1
AERIN,Tangier Vanille,$125.00,NA,SIZE 1.7 oz/ 50 mL•ITEM 1855626,1125,Fragrance,Women,Perfume,"""From the palaces and gardens to the legendary bazaars, Tangier Vanille opens a secret door that leads you into the mystery and splendor of Morocco.""—Aerin Lauder, Brand Founder

The heart of Madagascar vanilla glides through top notes of crisp sun-drenched Italian bergamot and the richness of Bulgarian rose. Velvety amber adds a sensual golden glow, while smooth sandalwood and feather-soft musk wrap the fragrance in a final veil of mystery.

Notes:
Madagascar Vanilla, Bergamot, Bulgarian Rose, Amber, Sandalwood, Musk.
Style:
Fluid. Oriental. Vanilla.",3.4,28 reviews,14,2,2,1,9
AERIN,Lilac Path Rollerball,$30.00,NA,SIZE 0.27 oz/ 8 mL•ITEM 1736057,2325,Fragrance,Women,Rollerballs & Travel Size,"Lilac Path weaves a delicate story of crisp greens, rich blooms, and delicate petals. Evocative lilac infuses the scent with inviting depth, heightened by lush fragrant galbanum. Creamy jasmine lactones blend with soft angelica seed oil and orange flower.

""There is something very special about spring lilacs; as fast as they bloom, they disappear. Lilac Path captures the spirit of spring and makes it last.""—Aerin Lauder, Founder and Creative Director, AERIN

Notes:
Galbanum, Lilac, Jasmine, Angelica Seed Oil, Orange Flower.
Style:
Crisp. Delicate. Evocative.",4.1,33 reviews,20,4,3,4,2
AERIN,Hibiscus Palm Rollerball,$30.00,NA,SIZE 0.27 oz/ 8 mL•ITEM 2039147,318,Fragrance,Women,Rollerballs & Travel Size,"Fragrance Family:
Floral

Scent Type:
Powdery Florals

Key Notes:
Lotus Flower Accord, Hibiscus Palm Accord, Tiare Absolute, Heliotrope, Coconut Milk

About:
Journey to a palm-fringed, tropical island. Hibiscus Palm captures the island scent of brilliant sunshine on a lush beach. Accords of lotus flower and hibiscus palm mingle with ylang-ylang and exotic ginger. Frangipani blends with a heart of fragrant white blossoms, wrapped in the velvety warmth of coconut milk, vanilla and musk.",3.7,3 reviews,2,0,0,0,1
AERIN,Gardenia Rattan,$125.00,NA,SIZE 1.7 oz/ 50 mL•ITEM 1639210,1508,Fragrance,Women,Perfume,"Gardenia Rattan captures the spirit of summer. Like a breath of sea spray, sparkling wet marine notes envelop the senses, while a gentle blend of white flowers including gardenia, tuberose, and tiare Tahiti exude lush femininity. Amber adds rich texture, like the last warming rays of the perfect summer day.

“Gardenia Rattan is the perfect summer day: warm sun, beautiful sea and fresh flowers.”—Aerin Lauder, Founder and Creative Director, AERIN

Notes:
Wet Marine Notes, Gardenia, Tuberose, Tiare Tahiti, Amber.
Style:
Sparkling. Bright. Transportive.",4.2,14 reviews,8,4,0,1,1
AERIN,Tangier Vanille Rollerball,$28.00,NA,SIZE 0.27 oz•ITEM 1855659,919,Fragrance,Women,Rollerballs & Travel Size,"""From the palaces and gardens to the legendary bazaars, Tangier Vanille opens a secret door that leads you into the mystery and splendor of Morocco.""—Aerin Lauder, Brand Founder

The heart of Madagascar vanilla glides through top notes of crisp sun-drenched Italian bergamot and the richness of Bulgarian rose. Velvety amber adds a sensual golden glow, while smooth sandalwood and feather-soft musk wrap the fragrance in a final veil of mystery.

Notes:
Madagascar Vanilla, Bergamot, Bulgarian Rose, Amber, Sandalwood, Musk.
Style:
Fluid. Oriental. Vanilla.",3.4,5 reviews,3,0,0,0,2
AERIN,Waterlily Sun Rollerball,$30.00,NA,SIZE 0.27 oz•ITEM 1736032,2325,Fragrance,Women,Rollerballs & Travel Size,"Like sunlight reflecting on water, bright Sicilian bergamot and lush dewy greens entice the senses for an invigorating, luminous first impression. Delicate yet alluring waterlily and soft, exotic jasmine sambac add layers of depth and intensity, warmed by sweetly inviting musk. The effect is bright, dewy, and fresh.

Notes:
Sicilian Bergamot, Jasmine Sambac.
Style:
Floral. Watery.",4.4,15 reviews,9,4,1,1,0
AERIN,Bamboo Rose Eau de Cologne,$175.00,NA,SIZE 6.7 oz/ 200 mL•ITEM 1912401,591,Fragrance,Women,Perfume,"Fragrance Family:
Floral

Scent Type:
Fresh Floral

Key Notes:
Dewy green leaves, Bulgarian Rose Absolute, Amber

About:
Bamboo Rose Eau de Cologne is a green floral rose blend that brings to mind the formal beauty and artful simplicity of an Asian garden. A scent that draws you irresistibly on as you follow the trail of roses deeper and deeper into the garden.

A refreshing top note of Sicilian bergamot and Mandarin blossom fuse effortlessly with dewy green leaves for an impression of delicate, elusive femininity. A profusion of white Bulgarian rose, Bulgarian rose absolute, rose infusion, and rose centifolia is enhanced by the cool allure of jasmine petals. The final shimmering touch is a hint of pink pepper, amber, and musk.

What else you need to know:
""In Asian gardens, serenity and sensuality balance each other. The roses are cultivated to bring out their seductive fragrance and the peaceful atmosphere is like a quiet meditation on beauty.""—Aerin Lauder",5.0,3 reviews,3,0,0,0,0
AERIN,Rose De Grasse,$225.00,NA,SIZE 1.7 oz/ 50 mL•ITEM 1699222,782,Fragrance,Women,Perfume,"Fragrance Family:
Floral

Scent Type:
Classic Floral

Key Notes:
Rose Centifolia, Rose Otto Bulgarian, Rose Absolute

About:
The rose is a timeless symbol of beauty and femininity. Like an original piece of art, Rose de Grasse is meticulously crafted with an artisanal attention to detail. At its heart is a fusion of roses including the hundred-petaled rose centifolia, hand-picked in Grasse—the French capital of perfumery since the 16th century where the history of fragrance is art.

What else you need to know:
""I've always been inspired by the timeless beauty of roses. Rose de Grasse represents the most rare and special of these flowers.""—Aerin",4.7,7 reviews,5,2,0,0,0
AERIN,Linen Rose Eau de Cologne Rollerball,$28.00,NA,SIZE 0.20 oz/ 6 mL•ITEM 1912450,241,Fragrance,Women,Rollerballs & Travel Size,"Fragrance Family:
Floral

Scent Type:
Warm Florals

Key Notes:
Bulgarian Rose Absolute, Coconut water, Amber

About:
Linen Rose Eau de Cologne is a floral amber rose that evokes the joy of a relaxed, casual day at the beach with cool, white linen sundresses and sunkissed roses. Its modern, effortless, and free-spirited scent captures the pure simplicity of a rose touched by the salty-cool ocean breezes, open to the sea, sand, and sky.

The energizing rush of sun-drenched top notes scatter like orange flower petals among lemon leaves to create a vivid burst of freshness. They flow through the enveloping warmth of the rose-filled heart of the fragrance: white Bulgarian rose, exotic ylang-ylang, refreshing coconut water, Bulgarian rose absolute, Bulgarian rose oil, and rose bouton. Like the sun upon the sand and sea, a golden glow emerges in the final notes of vanilla and amber. Sun-bleached vetiver adds the final modern note of depth and refinement.

What else you need to know:
""I love long walks on the beach. The roses in my East Hampton garden seem to bloom effortlessly surrounded by the natural beauty of the dunes, water, and sky.""—Aerin Lauder",4.0,2 reviews,1,0,1,0,0
AERIN,Linen Rose Eau de Cologne,$175.00,NA,SIZE 6.7 oz/ 200 mL•ITEM 1912419,1183,Fragrance,Women,Perfume,"Fragrance Family:
Floral

Scent Type:
Warm Florals

Key Notes:
Bulgarian Rose Absolute, Coconut water, Amber

About:
Linen Rose Eau de Cologne is a floral amber rose that evokes the joy of a relaxed, casual day at the beach with cool, white linen sundresses and sunkissed roses. Its modern, effortless, and free-spirited scent captures the pure simplicity of a rose touched by the salty-cool ocean breezes, open to the sea, sand and sky.

The energizing rush of sun-drenched top notes scatter like orange flower petals among lemon leaves to create a vivid burst of freshness. They flow through the enveloping warmth of the rose-filled heart of the fragrance: white Bulgarian rose, exotic ylang-ylang, refreshing coconut water, Bulgarian rose absolute, Bulgarian rose oil, and rose bouton. Like the sun upon the sand and sea, a golden glow emerges in the final notes of vanilla and amber. Sun-bleached vetiver adds the final modern note of depth and refinement.

What else you need to know:
""I love long walks on the beach. The roses in my East Hampton garden seem to bloom effortlessly surrounded by the natural beauty of the dunes, water, and sky.""—Aerin Lauder",3.9,14 reviews,8,0,3,2,1
AERIN,Radiant Floral Set,"$50.00
($60.00 value)",NA,ITEM 2115483,515,Fragrance,Value & Gift Sets,Perfume Gift Sets,"The impeccable pairing of jasmine sambac and jasmine Egypt infusion is enhanced with exotic tuberose fleur for a fragrance rich with velvety body and soft freshness. A delicate touch of Honeysuckle invigorates the senses, while tuberose infusion and sandalwood add subtle intensity and luminous depth. Ikat Jasmine is as captivating as the woman who wears it.

Escape to the sun-drenched, azure-blue Mediterranean. Sweet honeysuckle and sparkling grapefruit evoke lush flowers and shimmering beaches. Sun-warmed and citrusy Italian bergamot and mandarin oil impart a lasting freshness. Lily of the valley and lush gardenia build to the sensuality and richness of jasmine sambac absolute for a fragrance as magical and elegant as its inspiration.

This set contains:
- 0.27 oz/ 8 mL Ikat Jasmine Rollerball
- 0.27 oz/ 8 mL Mediterranean Honeysuckle Rollerball",3.5,4 reviews,2,0,1,0,1
AETHER BEAUTY,Rose Quartz Crystal Gemstone Eyeshadow Palette,$58.00,NA,ITEM 2189959,1795,Makeup,Eye,Eye Palettes,"What it is: A palette with 12 shades infused with rose quartz in ultra-matte, shimmer, duo-chrome, and metallic finishes that let you create softly-glamourous looks anytime.

Highlighted Ingredients:
- Organic* and Fair Trade** Coconut Oil: Creates a buttery-smooth texture.
- Rose Quartz Gemstone Powder: Helps diminish the look of wrinkles, redness, and fine lines.
- Organic* Rose Hip Oil: Supports radiant-looking, glowing skin.

Ingredient Callouts: This product is vegan, cruelty-free, and gluten-free, and comes in recyclable packaging.

What Else You Need to Know: These shades are formulated with coconut oil and shea butter to create an über-smooth, buttery texture for one swipe application. Rose quartz powder helps to reduce the appearance of fine lines, wrinkles, and redness while illuminating the skin with its light-reflective crystals. This palette is sustainably packaged. After removing the eyeshadow pans and elastic, this paper palette is fully recyclable and zero-waste—the first of its kind in the industry.

This Palette Contains:
- 8 x 0.05 oz/ 1.5 g Eyeshadows in Stardust (light pink shimmer), Sandstone (neutral beige matte), Heartstone (rose pink shimmer), Rose Quartz (antique rose metallic), Scorpio (rose brown matte), Crystalline (antique champagne metallic), Aphrodite (violet gray matte), Grounding (charcoal matte)
- 4 x 0.04 oz/ 1.25 g Eyeshadows in Reawakening (pink to gold duo-chrome shimmer), Divine (pink to peach duo-chrome shimmer), Astarte ( lavender to silver blue duo-chrome shimmer), Aura (maroon to blue purple duo-chrome shimmer)

*Certified organic by Quality Assurance International.
**Certified Fair Trade by Fair Trade USA

Clean at Sephora
When you spot our Clean seal, you can be sure we’ve checked that this brand’s product is made without the ingredients you told us you’d most like to avoid.

Clean at Sephora™ is formulated without:
Sulfates SLS and SLES, parabens, formaldehydes, formaldehyde-releasing agents, phthalates, mineral oil, retinyl palmitate, oxybenzone, coal tar, hydroquinone, triclosan, triclocarban. All skincare, hair, and makeup brands with the Clean Seal have less than one percent of synthetic fragrances.",4.9,19 reviews,17,2,0,0,0
AETHER BEAUTY,Crystal Grid Gemstone Eyeshadow Palette,$58.00,NA,ITEM 2189967,1023,Makeup,Eye,Eye Palettes,"What it is: A palette with 12 cosmic-inspired shades infused with crystal gemstones in shimmer and metallic finishes that dazzle your eyes with incredible luster.

Highlighted Ingredients:
- Organic* and Fair Trade**Coconut Oil: Creates a buttery-smooth texture.
- Organic* Moringa Oil: Rich in vitamin C.
- Organic* Rose Hip Oil: Supports radiant-looking, glowing skin.

Ingredient Callouts: This product is vegan, cruelty-free, and gluten-free, and comes in recyclable packaging.

What Else You Need to Know: Crystal-charged pigments are infused with diamond, amber, sapphire, topaz, amethyst, and tourmaline to illuminate the skin with their light-reflective properties. These shades are formulated with coconut oil and shea butter to create an über-smooth, buttery texture for one swipe application. This palette is sustainably packaged. After removing the eyeshadow pans and elastic, this paper palette is fully recyclable and zero-waste—the first of its kind in the industry.

This Palette Contains:
- 8 x 0.05 oz/ 1.5 g Eyeshadows in Diamond (shimmer sand infused with diamonds), Vibration (metallic taupe infused with topaz), Amber (metallic golden sunset infused with amber), Energy (metallic rust infused with amber), Moonlight (metallic white silver infused with diamond), Recharge (metallic charcoal gray, infused with topaz), Topaz (metallic antique gold, infused with topaz), Manifest (shimmer bronze , infused with topaz)
- 4 x 0.04 oz/ 1.25 g Eyeshadows in Amethyst (shimmer violet infused with amethyst), Sapphire (shimmer teal infused with sapphire), Intuition (shimmer saddle brown infused with topaz), Tourmaline (metallic rust red to emerald green duo-chrome, infused with tourmaline)

*Certified organic by Quality Assurance International. **Certified fair trade by Fair Trade USA.

Clean at Sephora
When you spot our Clean seal, you can be sure we’ve checked that this brand’s product is made without the ingredients you told us you’d most like to avoid.

Clean at Sephora™ is formulated without:
Sulfates SLS and SLES, parabens, formaldehydes, formaldehyde-releasing agents, phthalates, mineral oil, retinyl palmitate, oxybenzone, coal tar, hydroquinone, triclosan, triclocarban. All skincare, hair, and makeup brands with the Clean Seal have less than one percent of synthetic fragrances.",5.0,10 reviews,10,0,0,0,0
ALGENIST,Genius Liquid Collagen Plump & Pout Duo,"$40.00
($60.00 value)",NA,ITEM 2213502,3050,Value & Gift Sets,NA,Skincare,"What it is: A vegan, collagen-based formula to maintain skin's youthful vitality.

Skin Type: Normal, Dry, Combination, and Oily

Skincare Concerns: Loss of Firmness and Elasticity, Fine Lines and Wrinkles, and Dullness and Uneven Texture

Formulation: Lightweight Serum

Highlighted Ingredients:
- Patented Alguronic Acid: Clinically demonstrated to provide anti-aging and anti-wrinkle benefits.
- Vegan Plant Collagen: Helps to strengthen and condition the skin to visibly improve resiliency and bounce.
- Microalgae Oil: Hydrates, nourishes, and visibly restores skin's radiance.

Ingredient Callouts: Free of sulfates SLS and SLES, parabens, formaldehydes, formaldehyde-releasing agents, phthalates, retinyl palmitate, oxybenzone, coal tar, hydroquinone, triclosan, and triclocarban. This product is also vegan.

What Else You Need to Know: This breakthrough fountain of youth leverages a clean, vegan formulation design to help replenish and preserve a healthy, youthful-looking complexion by delivering vegan collagen to the skin in its most active state. Skin is left more resilient, brighter, and youthful-looking.

This Set Contains:
- 0.34 oz/ 10 mL GENIUS Liquid Collagen
- 0.21 oz/ 6.2 mL GENIUS Liquid Collagen Lip
- Pouch

Clinical Results: Results obtained following self-assessments of 85 women, using Genius Liquid Collagen twice daily:
- 91% said it restored bounce, resilience, and suppleness to the skin after 10 days
- 94% said it deeply replenishes, and helps condition skin after 10 days
- 87% experienced exceptional softness, radiance, and a youthful glow after 10 days

Results obtained following self-assessment of 85 women, using Genius Liquid Collagen Lip twice daily:
- 91% saw improved lip texture providing a good base for lipstick/lip gloss in 10 days
- 88% saw fine lines smoothed out on lips in 10 days
- 88% agreed it helps revive and replenish lips in 10 days",5.0,5 reviews,5,0,0,0,0
ALGENIST,GENIUS Sleeping Collagen,$98.00,NA,SIZE 2 oz/ 60 mL•ITEM 2170827,5657,Skincare,Moisturizers,Moisturizers,"What it is: A buttery sleeping cream that provides intense nourishment for dewy, cushioned skin by morning.

Skin Type: Normal, Dry, Combination, and Oily

Skincare Concerns: Loss of Firmness and Elasticity, Fine Lines and Wrinkles, and Dryness

Formulation: Cream

Highlighted Ingredients:
- Vegan Plant Collagen: Creates a smoother, more cushioned appearance.
- Alguronic Acid: Visibly minimizes appearance of fine lines and wrinkles.
- Skin-mimicking Ceramides and Mary Thistle Plant: Hydrate and nourish skin.

Ingredient Callouts: Free of sulfates SLS and SLES, parabens, formaldehydes, formaldehyde-releasing agents, phthalates, mineral oil, retinyl palmitate, oxybenzone, coal tar, hydroquinone, triclosan, and triclocarban, and contains less than one percent of synthetic fragrances. This product is also vegan.

What Else You Need to Know: Sleeping Collagen goes to work on your skin overnight, during its optimal recovery time. This unique buttery cream provides intense nourishment to the skin so you wake up with a fresh, glowing, and renewed complexion. After one overnight use, skin is softer, more supple, dewy, and radiant. Due to the nutrient-rich formula and buttery cream texture, only a pea-sized amount is needed per usage.

Clinical Results: In self-assessments of 85 women using the product once nightly for 10 days:
- 98% said skin felt and looked hydrated
- 94% said skin looked and felt deeply moisturized
- 95% said skin appeared softer and more supple
- 92% said skin appeared dewy and radiant",4.6,1057 reviews,753,230,50,18,6
ALGENIST,Secrets of Algae Kit,"$115.00
($205.00 value)",NA,ITEM 2138451,10K,Value & Gift Sets,NA,Skincare,"Which skin type is it good for?
✔ Normal
✔ Oily
✔ Combination
✔ Dry
✔ Sensitive

What it is:
A trio of Algenist bestsellers featuring products formulated with patented alguronic acid.

Solutions for:
- Loss of firmness and elasticity
- Fine lines and wrinkles
- Dark circles and puffiness

If you want to know more…
Unlock the Secrets of Algae for visible skin transformation in 10 days. This trio of Algenist bestsellers features products formulated with patented alguronic acid, a naturally occurring compound from algae that is naturally-sourced and sustainably produced. Skin appears nourished and radiant, skin resiliency and bounce are visibly restored, and fine lines and the appearance of deep wrinkles are visibly minimized.

Genius Liquid Collagen contains the highest concentration of plant collagen for skin that appears firmer and more toned. Genius Ultimate Anti-Aging Cream helps visibly restore skin resiliency and elasticity. The ophthalmologist-tested Complete Eye Renewal Balm decreases the appearance of puffiness and dark circles.

This set contains:
- 1 oz/ 30 mL Genius Liquid Collagen
- 1 oz/ 30 mL Genius Ultimate Anti-Aging Cream
- 0.23 oz/ 7 mL Complete Eye Renewal Balm

What else you need to know:
While Liquid Collagen comes with a special pump designed to deliver a precise amount of product, it may not be intuitive at first use. Please refer to the how to use section for step by step pump instructions. Genius Ultimate Anti-Aging Cream and Complete Eye Renewal Balm are dermatologist tested and noncomedogenic.

Research results:
Results obtained following self-assessments of 85 women, using Genus Liquid Collagen twice daily:
- 87% experienced exceptional softness, radiance, and a youthful glow after 10 days
- 91% said it restored bounce, resilience, and suppleness to the skin after 10 days
- 94% said it deeply replenishes, and helps condition skin after 10 days
- 90% said it helps strengthen skin matrix to restore lost bounce and elasticity in 28 days

Results obtained following a consumer use study of 100 women using Genius Ultimate Anti-Aging Cream twice daily:
- 91% said fragile skin texture appears reinforced within 10 days
- 95% said dull skin is brighter in 10 days
- 87% said forehead wrinkles, creases, and lines are visibly minimized within 28 days
- 95% said skin appears firmer, more resilient, and suppleness appears restored in 28 days

Results obtained following a consumer use study of 100 women using Complete Eye Renewal Balm twice daily, within 4 weeks of use:
- 91% said eye contours appear smoother
- 87% said puffiness appears decreased
- 81% said dark circles look decreased",4.4,52 reviews,39,4,3,2,4
ALGENIST,GENIUS Liquid Collagen,$115.00,NA,SIZE 1 oz/ 30 mL•ITEM 1957182,30K,Skincare,Treatments,Face Serums,"Which skin type is it good for?
✔ Normal
✔ Oily
✔ Combination
✔ Dry
✔ Sensitive

What it is:
A vegan, collagen-based formula to maintain skin’s youthful vitality.

Solutions for:
- Loss of firmness and elasticity
- Dullness and uneven texture

If you want to know more…
This breakthrough fountain of youth leverages a clean, vegan formulation design to help replenish and preserve a healthy, youthful skin matrix by delivering vegan collagen to the skin in its most active state. The anti-aging formula contains 13,000 microalgae oil beads naturally sourced and sustainably produced, omegas 3, 6, and 9, and a natural source of vitamin E. Skin is left more resilient, brighter, and youthful-looking.

What it is formulated WITHOUT:
- Parabens
- Sulfates
- Phthalates

What else you need to know:
While Liquid Collagen comes with a special pump designed to deliver a precise amount of product, it may not be intuitive at first use. Please refer to the How to Use section for step by step pump instructions.

Research results:
Results obtained following self-assessments of 85 women, using the product twice daily:
- 91% said it restored bounce, resilience, and suppleness to the skin after 10 days
- 94% said it deeply replenishes, and helps condition skin after 10 days
- 87% experienced exceptional softness, radiance, and a youthful glow after 10 days
- 90% said it helps strengthen skin matrix to restore lost bounce and elasticity in 28 days",4.0,547 reviews,322,81,37,42,65
ALGENIST,GENIUS Ultimate Anti-Aging Cream,$112.00,NA,ITEM 1582477,10K,Skincare,Moisturizers,Moisturizers,"Which skin type is it good for?
✔ Normal
✔ Oily
✔ Combination
✔ Dry
✔ Sensitive

What it is:
An advanced, antiaging moisturizer that visibly firms, lifts, combats deep wrinkles, brightens, and nourishes the face.

Solutions for:
- Fine lines and wrinkles
- Dryness
- Loss of firmness and elasticity

If you want to know more…
The ultra-nourishing and luxurious GENIUS Ultimate Anti-Aging Cream is a potent face cream that infuses skin with top-of-the-line biotechnology to combat advanced signs of aging. The blend of actives features alguronic acid, plant collagen, and microalgae oil to visibly brighten, hydrate, firm, lift, improve elasticity, and smooth fine lines and wrinkles for a youthful glow.

What it is formulated WITHOUT:
- Parabens
- Sulfates
- Phthalates

What else you need to know:
This product is dermatologist tested and noncomedogenic.

Research results:
In a self-assessment study with twice-daily use on 100 women, over 10 days:
- 95% experienced a brightening appearance to previously dull skin
- 91% reported fragile skin appeared dramatically reinforced

Over 4 weeks:
- 95% said skin appeared more firm and resilient with a renewed bounce and suppleness
- 87% said forehead wrinkles, creases, and fine lines were visibly reduced",4.3,435 reviews,282,68,36,23,26
ALGENIST,GENIUS Liquid Collagen Lip,$35.00,NA,SIZE 0.34 oz/ 10 mL•ITEM 2063014,20K,Skincare,Lip Treatments,Lip Balms & Treatments,"What it is:
A vegan collagen lip treatment to deliver long-lasting benefits for fuller, younger-looking lips in as few as 10 days.

If you want to know more…
This unique dual-phase lip treatment suspends botanical lip enhancers and hundreds of beads of microalgae oil in collagen water to help visibly fill out lips and improve lip definition with long-lasting benefits. Formulated with active plant collagen, and Algenist's naturally sourced and sustainably produced Alguronic Acid, this formula helps smooth the appearance of fine lines and wrinkles on the lips and mouth area for a youthful, more enhanced appearance.

What it is formulated WITHOUT:
- Parabens
- Sulfates
- Phthalates

Research results:
Results obtained following self-assessment of 85 women, using the product twice daily:
- 91% saw improved lip texture providing a good base for lipstick/lip gloss in 10 days
- 88% saw fine lines smoothed out on lips in 10 days
- 88% agreed it helps revive and replenish lips in 10 days
- 93% saw smoother, less visible fine lines on the lips in 28 days
- 90% said that fine lines are filled in 28 days
- 90% said lips were rejuvenated and younger-looking in 28 days",4.0,291 reviews,162,53,16,24,36
ALGENIST,Complete Eye Renewal Balm,$68.00,NA,SIZE 0.5 oz/ 15 mL•ITEM 1328855,20K,Skincare,Eye Care,Eye Creams & Treatments,"Which skin type is it good for?
✔ Normal
✔ Oily
✔ Combination
✔ Dry
✔ Sensitive

What it is:
An eye balm designed to prime, minimize the appearance of fine lines and wrinkles, hydrate, and soothe with alguronic acid, vitamin C, caffeine, cucumber, aloe, and green tea extracts.

Solutions for:
- Fine lines and wrinkles
- Dark circles
- Puffiness

If you want to know more…
Complete Eye Renewal Balm is truly a multitasking product designed to prime, minimize the appearance of fine lines and wrinkles, hydrate, soothe, and nourish the delicate eye area. This rich cream provides antiaging benefits, diminishes the appearance of puffiness and dark circles, and preps the eye area for smoother, longer-lasting makeup application. Alguronic acid combined with vitamin C, caffeine, cucumber, aloe, and green tea extracts help nourish and hydrate the eye area for a recharged and rejuvenated appearance.

What it is formulated WITHOUT:
- Parabens
- Sulfates
- Phthalates

What else you need to know:
This product is ophthalmologist and dermatologist tested and noncomedogenic.

Research results:
Results obtained using product twice daily, following self-assessments of 100 women within 4 weeks of use:
- 81% of subjects saw visibly decreased dark circles
- 87% of subjects saw a decrease in puffiness
- 91% of subjects saw visibly smoothed eye contours",4.0,809 reviews,441,136,75,76,81
ALGENIST,Pure GENIUS Collection Kit,"$80.00
($144.00 value)",NA,ITEM 1985068,5697,Value & Gift Sets,NA,Skincare,"Which skin type is it good for?
✔ Normal
✔ Oily
✔ Combination
✔ Dry
✔ Sensitive

What it is:
A powerful anti-aging kit to reduce visible signs of aging in as little as 10 days.

Solutions for:
- Fine lines and wrinkles
- Dryness
- Loss of firmness and elasticity

If you want to know more…
This kit showcases Algenist’s most powerful anti-aging biotechnology to reduce visible signs of aging. It features products formulated with alguronic acid, a patented, naturally-occurring compound from microalgae that is a breakthrough anti-aging ingredient. Through use of this complex skin appears nourished and radiant, skin resiliency and elasticity appear restored, and fine lines and deep wrinkles are visibly minimized in as little as 10 days.

This set contains:
- 1.5 oz/ 45 mL GENIUS Ultimate Anti-Aging Melting Cleanser
- 0.21 oz/ 6.2 mL GENIUS Ultimate Anti-Aging Eye Cream
- 1 oz/ 30 mL GENIUS Ultimate Anti-Aging Cream
- 0.21 oz/ 6.2 mL GENIUS Liquid Collagen

What it is formulated WITHOUT:
- Parabens
- Sulfates
- Phthalates",4.0,33 reviews,20,2,4,4,3
ALGENIST,Ultra Lightweight UV Defense Fluid SPF 50,$28.00,NA,ITEM 1420223,10K,Skincare,Sun Care,Face Sunscreen,"What it is:
An ultra-sheer, weightless fluid for everyday protection against broad-spectrum UVA/UVB damage.

What it does:
This fast-absorbing, ultra-lightweight fluid provides daily protection against broad-spectrum UVA/UVB damage. Alguronic Acid combines with antioxidant-rich botanicals and UVA/UVB protecting actives to delay signs of aging caused by sun and environmental stressors. This oil-free, sheer formula has a silky texture and weightless feel, designed to apply smoothly on top of other skin care products and under makeup for a soft, matte finish.

What it is formulated WITHOUT:
- Parabens
- Sulfates
- Synthetic Dyes
- Phthalates
- GMOs
- Triclosan

What else you need to know:
Alguronic Acid is a unique and powerful regenerative compound from microalgae. This rare ingredient was discovered unexpectedly by a biotechnology laboratory in San Francisco, CA, focused on researching renewable energy solutions. Algenist is the only line of skin care products to contain the antiaging power of Alguronic Acid.

Research results:
In comparison testing, alguronic acid outperformed other well-known active antiaging ingredients, demonstrating superior anti-aging benefits:
- 54% decrease in UV cell damage
- 55% increase in cellular regeneration
- 32% increase in elastin synthesis
- 26% decrease in melanin production
*Average results measures following an in-vitro test with alguronic acid.",4.4,368 reviews,261,46,29,23,9
ALGENIST,ELEVATE Advanced Retinol Serum,$98.00,NA,SIZE 1 oz/ 30 mL•ITEM 2062990,1827,Skincare,Treatments,Face Serums,"Which skin type is it good for?
✔ Normal
✔ Combination
✔ Dry

What it is:
A dual-action serum formulated with pure vegan retinol—encapsulated with green algae and patented alguronic acid—to minimize the visible signs of aging for a firmer-looking complexion.

Solutions for:
- Loss of firmness
- Fine lines/wrinkles
- Uneven texture

If you want to know more…
This advanced vegan serum is formulated with pure vegan retinol, encapsulated with green algae (patented and exclusive) to preserve the retinol's efficacy and allow for a gradual, timed release. A high-concentration of Algenist's patented Alguronic Acid—naturally sourced and sustainably produced from algae—supports retinol efficacy and helps support elastin in the skin.* Gentle enough to use every day and night, this high-performance formula helps support skin strength, visibly improves skin texture, and minimizes the appearance of fine line and wrinkles.

*In a third party scientific test, Alguronic Acid displayed a powerful effect on a number of well-known anti-aging ingredients.

What it is formulated WITHOUT:
- Parabens
- Sulfates
- Phthalates

Research results:
In self-assessments of 104 women using the product twice daily for 10 days:
- 90% saw visibly smoother and toned skin within 10 days
- 87% saw boosted skin radiance within 10 days
- 85% saw visibly firmer-looking skin after 10 days",4.9,14 reviews,13,1,0,0,0
ALGENIST,Regenerative Anti-Aging Moisturizer,$94.00,NA,ITEM 1328822,4374,Skincare,Moisturizers,Moisturizers,"What it is:
A moisturizer with the exclusive antiaging ingredient Alguronic Acid.

What it is formulated to do:
This lotion's luxurious texture provides immediate moisture while other antiaging and hydrating ingredients release over time to nourish and regenerate the skin. The revolutionary microalgae-based ingredient Alguronic Acid works to minimize wrinkles, leaving your skin looking radiant and noticeably younger.

What it is formulated WITHOUT:
- Parabens
- Sulfates
- Phthalates

What else you need to know:
While pursuing renewable energy solutions, a biotechnology laboratory in San Francisco unexpectedly discovered the powerful regenerative properties of Alguronic Acid, the bioactive compound available only in Algenist products.

Research results:
In comparison testing, Alguronic Acid outperformed other well-known active antiaging ingredients, demonstrating superior antiaging benefits. Average results measured following an in vitro test with Alguronic Acid:
- 55% increase in cellular regeneration
- 32% increase in elastin synthesis
- 26% decrease in melanin production
Following a self-assessment of 100 women, within 10 days of daily use:
- Skin density (suppleness, elasticity) is restored in 86% of subjects.
- Skin radiance is boosted in 93% of subjects.
Within 4 weeks of daily use:
- Deep wrinkles are minimized in 78% of subjects.
- Skin is noticeably tightened and lifted in 81% of subjects.",4.3,207 reviews,143,29,10,10,15
ALGENIST,GENIUS Ultimate Anti-Aging Vitamin C+ Serum,$118.00,NA,SIZE 1 oz/ 30 mL•ITEM 1675974,7945,Skincare,Treatments,Face Serums,"Which skin type is it good for?
✔ Normal
✔ Oily
✔ Combination
✔ Dry
✔ Sensitive

What it is:
A powerful serum formulated to minimize the appearance of deep wrinkles and to support the most fragile skin areas while visibly reducing the look of age spots and discoloration.

Solutions for:
- Dullness and uneven texture
- Dark spots and uneven skin tone
- Fine lines and wrinkles

If you want to know more…
This powerful formula combines Alguronic acid—a breakthrough antiaging ingredient—with nourishing microalgae oil and a potent vitamin C derivative to help visibly minimize fine lines and wrinkles and reduce the appearance of age spots and discoloration. The most fragile skin texture appears strengthened and skin's youthful, even radiance is revealed.

What it is formulated WITHOUT:
- Parabens
- Sulfates
- Phthalates

What else you need to know:
This product is also formulated without synthetic dyes, GMOs, or triclosan. It is noncomedogenic, hypoallergenic, dermatologist tested, and suitable for all skin types.

Research results:
In a consumer use study of 71 women, after 10 days of use:
- 93% reported their skin looks more resilient, smoother, and brighter
- 97% reported their skin texture is refined

After 28 days of use:
- 98% reported the appearance of fine lines and wrinkles is visibly reduced
- 92% reported their skin discoloration appears corrected",3.9,210 reviews,117,32,18,18,25
ALGENIST,Overnight Restorative Cream,$94.00,NA,SIZE 2 oz/ 60 mL•ITEM 1357847,7578,Skincare,Moisturizers,Moisturizers,"What it is:
A rich, moisturizing cream that renews and repairs the skin overnight.

What it is formulated to do:
The regenerative power of alguronic acid supports natural cell renewal to improve skin structure during the night. Peptides nourish the skin and reduce the appearance of lines and wrinkles as firmness and elasticity are restored. Skin is left renewed, smoother, and more radiant in the morning.

What it is formulated WITHOUT:
- Parabens
- Sulfates
- Phthalates

What else you need to know:
While pursuing renewable energy solutions, a biotechnology laboratory in San Francisco unexpectedly discovered the powerful regenerative properties of alguronic acid. Exclusive to Algenist, this remarkable ingredient is now available in skin care products.

Research results:
In comparison testing, Alguronic Acid outperformed other well-known active antiaging ingredients, demonstrating superior antiaging benefits. Average results measured following an in-vitro test with alguronic acid:
- 55% increase in cellular regeneration
- 32% increase in elastin synthesis
- 26% decrease in melanin production

Results obtained using product twice daily, following a self-assessment of 100 women:
- 91% of subjects said skin was revived within 10 days of use
- 97% of subjects said skin was softer and smoother within 10 days of use
- 92% of subjects said radiance boosted within 4 weeks of use
- 90% of subjects said this product created younger-looking skin within 4 weeks of use",4.4,229 reviews,162,31,15,12,9
ALGENIST,GENIUS Ultimate Anti-Aging Eye Cream,$74.00,NA,SIZE 0.5 oz/ 15 mL•ITEM 1644376,4442,Skincare,Eye Care,Eye Creams & Treatments,"What it is:
An antiaging eye cream that visibly firms, lifts, combats fine lines and wrinkles, brightens, and nourishes the delicate eye area.

Solutions for:
- Dark circles
- Fine lines and wrinkles
- Loss of elasticity

If you want to know more…
The GENIUS Ultimate Anti-Aging Eye Cream is a potent, antiaging blend of actives for brighter, younger-looking eyes. Powered by alguronic acid, plant collagen, persian silk tree extract, and kigelia africana fruit extract, this creamy treatment visibly firms and lifts the upper eyelid, improves elasticity, and smooths fine lines and wrinkles around the eye area. The eyes are given a hydrated, conditioned, wide-eyed look.

What it is formulated WITHOUT:
- Parabens
- Sulfates
- Phthalates

What else you need to know:
This product is dermatologist and opthamologist tested to be safe for all skin types. It is noncomedogenic, hypoallergenic, and formulated without synthetic dyes, GMOs, or triclosan.

Research results:
In a consumer-use study of 100 women, after 10 days:
- 94% reported the eye area felt more nourished
- 90% said skin looked dramatically more supple
- 87% saw visibly smoothed eye contours",3.7,92 reviews,48,8,10,12,14
ALGENIST,POWER Advanced Wrinkle Fighter 360° Eye Serum,$70.00,NA,SIZE 0.5 oz/ 15 mL•ITEM 1772821,6246,Skincare,Eye Care,Eye Creams & Treatments,"Which skin type is it good for?
✔ Normal
✔ Oily
✔ Combination
✔ Dry
✔ Sensitive

What it is:
An advanced antiaging eye serum formulated with alguronic acid and algaprotein to address the first signs of aging.

Solutions for:
- Loss of firmness and elasticity
- Dark circles
- Fine lines and wrinkles

If you want to know more…
This potent formula gives the upper eyelid a more lifted look, diminishes the appearance of dark circles, and visibly minimizes crow’s feet. The eye area is appears visibly smoother, plumper, and strengthened for a youthful and brighter appearance.

What it is formulated WITHOUT:
- Parabens
- Sulfates
- Phthalates

What else you need to know:
This product is also formulated without synthetic dyes, GMOs, triclosan, or alcohol. It is dermatologist tested and hypoallergenic.

Algenist POWER Advanced Wrinkle Fighter 360° Eye Serum has been recognized as a Spring 2016 Beauty O-Wards Skincare Star by O, The Oprah Magazine. The eye serum is noted for its brightening effects on skin among the skin care stars that ""deliver glowing results to your complexion"" in the May 2016 issue.

Research results:
In a 10-day self-assessment of 100 women, after a morning and night application:
- 96% reported the delicate eye area is visibly healthier, rejuvenated and smoother
- 95% reported the product visibly restores essential moisture in fragile, thin eye area
- 93% reported the product visibly improves and restores elasticity in fragile, thin eye area
- 92% reported the product minimizes the appearance of under-eye puffiness",4.1,64 reviews,39,11,2,5,7
ALGENIST,Firming & Lifting Neck Cream,$98.00,NA,SIZE 2 oz•ITEM 1644293,4224,Skincare,Moisturizers,Decollete & Neck Creams,"What it is:
An ultrafirming and moisturizing neck cream that targets the specific needs of the delicate skin around the neck and chest.

What it is formulated to do:
The unique combination of alguronic acid with a protein and peptide complex visibly tightens and lifts. It deeply hydrates with no stickiness or greasiness. Skin feels smoother, looks visibly repaired, and the appearance of fine lines and wrinkles is reduced to create a more youthful, lifted look.

What it is formulated WITHOUT:
- Parabens
- Sulfates

What else you need to know:
This product is noncomodogenic, dermatologist tested, and for all skin types.

Research results:
Within 10 days of use:
- 100% saw a younger-looking neck and chest area
- 94% saw a minimized appearance of fine lines and wrinkles around the neck and chest area

Within 4 weeks of use:
- 98% saw deep hydration with no stickiness or greasiness
- 87% saw a more taut, firm neck",3.9,32 reviews,19,3,1,5,4
ALGENIST,Pore Corrector Anti-Aging Primer,$42.00,NA,SIZE 1 oz/ 30 mL•ITEM 1521392,8724,Skincare,Treatments,Face Serums,"Which skin type is it good for?
✔ Normal
✔ Combination
✔ Oily
✔ Dry
✔ Sensitive

What it is:
An antiaging primer that visibly minimizes pores, imperfections, and oiliness to create a uniform canvas for flawless makeup application.

Solutions for:
- Fine lines and wrinkles
- Pores
- Oiliness

If you want to know more…
The silky, lightweight, and oil-free Pore Corrector Anti-Aging Primer glides onto skin to combat pores, oiliness, flakiness, fine lines, wrinkles, and imperfections for a seamless makeup application. Alguronic acid, salicylic acid, and a custom antioxidant and floral extract blend improves the appearance of skin's texture, firmness, and tone, while providing a protective layer and targeting clogged pores over time. Skin is left looking and feeling radiant, healthy, even toned, and makeup ready.

What it is formulated WITHOUT:
- Parabens
- Sulfates
- Phthalates

What else you need to know:
This product is oil-free and dermatologist tested to be noncomedogenic and safe for all skin types.

Research results:
In a self-assessment study of 100 women on once-daily, pre-makeup use, immediately:
- 93% saw an increase in the appearance of soft, smooth skin
- 90% reported a visible improvement in makeup application and wear

Within 10 Days:
- 93% reported a visible improvement in fine lines and wrinkles
- 90% saw an improvement in the appearance of pores",4.3,175 reviews,121,23,14,5,12
ALGENIST,POWER Advanced Wrinkle Fighter Moisturizer,$85.00,NA,SIZE 2 oz/ 60 mL•ITEM 1772813,3519,Skincare,Moisturizers,Moisturizers,"Which skin type is it good for?
✔ Normal
✔ Oily
✔ Combination
✔ Dry
✔ Sensitive

What it is:
An advanced antiaging moisturizer formulated with the patented ingredient, Alguronic Acid, along with AlgaProtein to address the first signs of aging.

Solutions for:
- Fine lines and wrinkles
- Dark spots and uneven skin tone
- Dryness

If you want to know more…
For the first time, Alguronic Acid and AlgaProtein combine to visibly minimize the appearance of fine lines and wrinkles. This powerful formula visibly improves skin's firmness and elasticity and provides the appearance of more refined texture for a more healthy and youthful appearance.

What it is formulated WITHOUT:
- Parabens
- Sulfates
- Phthalates

What else you need to know:
This product is also formulated without synthetic dyes, GMOs, triclosan, or alcohol. It is dermatologist tested and noncomedogenic.

Research results:
In a 10-day self-assessment of 70 women, after a morning and night application:
- 93% reported the product visibly plumps and fills out skin
- 91% reported the product visibly improves and refines skin texture

In a 28-day self-assessment of 70 women, after a morning and night application:
- 96% reported the product visibly improves skin for a more healthy and youthful appearance
- 91% reported the product Minimizes the appearance of fine lines and wrinkles",4.4,62 reviews,43,7,5,5,2
ALGENIST,GENIUS Ultimate Anti-Aging Bi-Phase Peel,$85.00,NA,SIZE 1.69 oz/ 50 mL•ITEM 1707744,6869,Skincare,Treatments,Facial Peels,"What it is:
A bi-phase formula that combines the powerful effects of a peel with the nourishing benefits of microalgae oil to leave skin feeling soothed and deeply conditioned.

What it is formulated to do:
This powerful yet gentle formula calms and soothes skin with no irritation or recovery time. It visibly improves skin texture, brightens, and enhances radiance for a youthful-looking, glowing complexion. Great for all skin types, it minimizes the appearance of hyperpigmentation, uneven skin tone, and fine lines and wrinkles while improving skin elasticity.

What it is formulated WITHOUT:
- Parabens
- Sulfates
- Phthalates

What else you need to know:
This product does not contain GMOs or triclosan.

Research results:
In a 10-day self-assessment of 60 women after 3 applications:
- 100% saw more youthful, revitalized, and glowing skin
- 98% saw improved, renewed, and resurfaced skin texture
- 98% saw firmer, hydrated, and nourished skin
- 97% said it was gentle and effective on skin without increasing skin’s sensitivity",4.6,91 reviews,79,3,2,3,4
ALGENIST,POWER Recharging Night Pressed Serum,$95.00,NA,SIZE 2 oz/ 60 mL•ITEM 1898634,7861,Skincare,Treatments,Face Serums,"Which skin type is it good for?
✔ Normal
✔ Oily
✔ Combination
✔ Dry
✔ Sensitive

What it is:
A highly concentrated solid serum to regenerate, smooth, and recharge in as little as 10 days.

Solutions for:
- Fine lines and wrinkles
- Dullness and uneven texture
- Dryness

If you want to know more…
This highly concentrated solid serum delivers potent actives overnight for a youthful-looking, glowing complexion in the morning. Supercharged with patented alguronic acid, a powerful antiaging ingredient, and fortified by algaprotein and nutrient-rich coconut water, this hybrid pressed serum addresses the first visible signs of aging by recharging fatigued skin, visibly reducing fine lines and wrinkles, and refining dull, uneven texture. This unique formula breaks into a serum on application and melts into the skin to provide a smooth, supple, and radiant complexion in as little as 10 days.

What it is formulated WITHOUT:
- Parabens
- Sulfates
- Phthalates

What else you need to know:
This product is noncomedogenic, dermatologist tested, hypoallergenic, and alcohol-free.

Research results:
Results obtained following self-assessments of 80 women, using product once nightly for 28 days:
After 10 days:
- 98% of subjects reported skin texture appeared softer and smoother
- 93% of subjects reported skin suppleness was restored

After 28 days:
- 99% of subjects reported skin appeared revitalized and felt refreshed and re-energized
- 91% of subjects reported skin was visibly firmer and more toned
- 90% of subjects reported fine lines and wrinkles were visibly plumped",4.4,162 reviews,117,18,10,5,12
ALGENIST,ELEVATE Firming & Lifting Contouring Serum,$108.00,NA,SIZE 1 oz/ 30 mL•ITEM 1862499,1153,Skincare,Treatments,Face Serums,"Which skin type is it good for?
✔ Normal
✔ Oily
✔ Combination
✔ Dry
✔ Sensitive

What it is:
A powerful sculpting serum that instantly restores essential moisture to the skin, visibly redefines and lifts facial contours, and brightens the complexion.

Solutions for:
- Loss of firmness and elasticity
- Dryness
- Fine lines and wrinkles

If you want to know more…
This potent sculpting serum visibly contours, firms, and transforms facial definition. Formulated with alguronic acid—a patented compound produced from microalgae—and propeptide3—a unique and powerful complex of functional proteins and active peptides—it restores skin elasticity, firmness, and density, and helps minimize the appearance of fine lines and wrinkles. This powerful antiaging formula helps visibly refine facial contours to help define the jawline, and provides hydration for a visibly firmer and youthful appearance. Gold works as a delivery system to increase the potency and efficacy for polypeptides. These extremely effective antiaging polypeptides significantly reduce the appearance of wrinkles while restoring skin elasticity, firmness, and density.

What it is formulated WITHOUT:
- Parabens
- Sulfates
- Phthalates

What else you need to know:
This product does not contain synthetic dyes, GMOs, triclosan, or alcohol. It is noncomedogenic, dermatologist tested, hypoallergenic, and for all skin types.

Research results:
Results obtained following a self-assessment of 100 women, using product twice daily:
After 10 days of use:
- 91% of subjects reported skin looks firmer and more toned
- 90% of subjects reported serum helps minimize the appearance of fine lines and wrinkles

After 28 days of use:
- 91% of subjects reported serum visibly helps improve skin's elasticity
- 84% of subjects reported serum provides a visible lifted effect and leaner facial appearance",4.0,17 reviews,11,1,2,0,3
ALGENIST,SPLASH Absolute Hydration Replenishing Gel Moisturizer,$58.00,NA,SIZE 2 oz/ 60 mL•ITEM 1814854,3109,Skincare,Moisturizers,Moisturizers,"Which skin type is it good for?
✔ Normal
✔ Oily
✔ Combination
✔ Dry
✔ Sensitive

What it is:
An ultra-hydrating moisturizer combining alguronic acid and algalyte complex to instantly penetrate the skin’s surface and boost hydration.

Solutions for:
- Dryness
- Fine lines/wrinkles
- Uneven texture

If you want to know more…
SPLASH Absolute Hydration Replenishing Gel Moisturizer features algalyte complex—containing a red microalgae polysaccharide and skin-energizing electrolytes—which works in synergy with alguronic acid to help restore hydration levels, balance skin moisture, and improve the appearance of thin, dehydrated skin. Skin is deeply hydrated for a soft, supple, luminous, and more youthful-looking appearance.

What it is formulated WITHOUT:
- Parabens
- Sulfates
- Phthalates

What else you need to know:
This product is also formulated without synthetic dyes, GMOs, alcohol, and triclosan. It is noncomedogenic, dermatologist tested, and hypoallergenic.

Research results:
Results obtained following self-assessments of 100 women, using product twice daily for 10 days:
- 96% said skin feels softer, and looks replenished and nourished
- 94% said skin is deeply hydrated, feels healthy and more resilient, and looks regenerated
- 93% saw boosted skin radiance",4.0,87 reviews,52,10,9,8,8
ALGENIST,Color Correcting Finishing Powder,$38.00,SIZE 0.32 oz/ 9.1 g•,SIZE 0.32 oz/ 9.1 g•ITEM 1808898,3540,Makeup,Face,Color Correct,"What it is:
A color correcting finishing powder that is formulated with AlgaCorrecting complex and an algae-derived ingredient.

What it is formulated to do:
This lightweight finishing powder for all skin tones enhances the look of foundation, or bare skin, in any light. AlgaCorrecting complex plus an algae-derived ingredient combine for glowing, luminous-looking skin, while optical diffusers blur the appearance of pores and fine lines and wrinkles—visibly smoothing skin. Perfect for on-the-go touch ups, Color Correcting Finishing Powder absorbs excess oil and keeps skin looking fresh and radiant all day.

What it is formulated WITHOUT:
- Parabens
- Sulfates
- Phthalates

What else you need to know:
This product is noncomedogenic, dermatologist tested, hypoallergenic, and alcohol-free.

Research results:
Results obtained using self-assessments of 100 women:
- 99% of subjects reported powder provides a soft-focus effect on skin
- 99% of subjects reported powder visibly enhances skin radiance
- 99% of subjects reported powder helps minimize shine
- 96% of subjects reported powder sets makeup for long-lasting wear
- 93% of subjects reported powder blurs appearance of pores
- 94% of subjects reported powder neutralizes skin tone imperfections
- 87% of subjects reported powder minimizes the appearance of fine lines and wrinkles",4.0,44 reviews,23,8,5,7,1
